step,epoch,loss,lr,elapsed_sec,gpu_mem_MB
1,0,0.361899,5.00e-05,3.1,8463
2,0,0.033980,5.00e-05,3.5,8482
3,0,0.077422,5.00e-05,4.1,8495
4,0,0.057209,5.00e-05,4.5,8508
5,0,0.224103,5.00e-05,4.8,8508
6,1,0.123911,5.00e-05,5.4,8508
7,1,0.315993,5.00e-05,13.4,8508
8,1,0.038896,5.00e-05,13.9,8508
9,1,0.078209,5.00e-05,14.4,8515
10,1,0.427730,5.00e-05,14.7,8515
11,2,0.171508,5.00e-05,15.2,8515
12,2,0.183846,5.00e-05,15.7,8515
