step,epoch,loss,lr,elapsed_sec,gpu_mem_MB
1,0,0.361899,5.00e-05,3.0,8463
2,0,0.033980,5.00e-05,3.5,8482
3,0,0.077420,5.00e-05,4.1,8495
4,0,0.057209,5.00e-05,8.8,8505
5,0,0.224109,5.00e-05,9.1,8505
6,1,0.123912,5.00e-05,9.7,8505
